{"diabetes":0.12153114542825474,"asian":-0.24712600622109973,"over_35":0.04352001975051129,"eclampsia_hist":0.020486181305546892,"white":-0.07909433891421296,"preeclampsia_hist":2.728994867738987,"black":-0.2439849132742998,"(Intercept)":-3.598375034507217,"hawaiian":0.0,"hispanic":0.0,"bet_18_35":-0.132519797244164,"native":0.04670055524666406,"other":0.45825077654519125,"hypertension":0.11507552701438575,"nonhispanic":-0.15957140848400833,"under_18":0.0}
